StatusID,LoanCount,TotalAmount,AverageAmount,MinAmount,MaxAmount
A,203,18603216.0,91641.458128,4980.0,323472.0
B,31,4362348.0,140720.903225,29448.0,464520.0
C,403,69078372.0,171410.352357,5148.0,590820.0
D,45,11217804.0,249284.533333,36204.0,541200.0
